{
  "model_name": "/ytech_m2v5_hdd/workspace/kling_mm/Models/MoonViT-SO-400M",
  "device": "cuda",
  "embedding_layers": {
    "patch_embed.pos_emb": {
      "embedding_shape": [
        64,
        64,
        1152
      ],
      "vocab_size": 64,
      "embedding_dim": 64,
      "norm_mean": Infinity,
      "norm_std": NaN,
      "norm_min": 0.0714111328125,
      "norm_max": Infinity,
      "weight_mean": -0.0032978057861328125,
      "weight_std": Infinity,
      "weight_abs_mean": 0.21484375
    }
  },
  "norm_layers": {
    "encoder.blocks.0.norm0": {
      "mean": 0.2166748046875,
      "abs_mean": 0.245361328125,
      "std": 0.53662109375,
      "min": -2.125,
      "max": 3.65625,
      "shape": [
        1152
      ],
      "param_count": 2304
    },
    "encoder.blocks.0.norm1": {
      "mean": 0.7841796875,
      "abs_mean": 0.82470703125,
      "std": 1.892578125,
      "min": -0.97265625,
      "max": 13.25,
      "shape": [
        1152
      ],
      "param_count": 2304
    },
    "encoder.blocks.1.norm0": {
      "mean": 0.1781005859375,
      "abs_mean": 0.205322265625,
      "std": 0.313232421875,
      "min": -2.15625,
      "max": 2.921875,
      "shape": [
        1152
      ],
      "param_count": 2304
    },
    "encoder.blocks.1.norm1": {
      "mean": 0.319580078125,
      "abs_mean": 0.3759765625,
      "std": 0.5068359375,
      "min": -3.59375,
      "max": 3.890625,
      "shape": [
        1152
      ],
      "param_count": 2304
    },
    "encoder.blocks.2.norm0": {
      "mean": 0.25927734375,
      "abs_mean": 0.28271484375,
      "std": 0.343505859375,
      "min": -2.0,
      "max": 2.171875,
      "shape": [
        1152
      ],
      "param_count": 2304
    },
    "encoder.blocks.2.norm1": {
      "mean": 0.416259765625,
      "abs_mean": 0.448486328125,
      "std": 0.60693359375,
      "min": -2.078125,
      "max": 3.5625,
      "shape": [
        1152
      ],
      "param_count": 2304
    },
    "encoder.blocks.3.norm0": {
      "mean": 0.28759765625,
      "abs_mean": 0.31396484375,
      "std": 0.369873046875,
      "min": -3.234375,
      "max": 5.09375,
      "shape": [
        1152
      ],
      "param_count": 2304
    },
    "encoder.blocks.3.norm1": {
      "mean": 0.38916015625,
      "abs_mean": 0.4365234375,
      "std": 0.468505859375,
      "min": -3.09375,
      "max": 2.0,
      "shape": [
        1152
      ],
      "param_count": 2304
    },
    "encoder.blocks.4.norm0": {
      "mean": 0.388671875,
      "abs_mean": 0.41552734375,
      "std": 0.447021484375,
      "min": -2.171875,
      "max": 6.125,
      "shape": [
        1152
      ],
      "param_count": 2304
    },
    "encoder.blocks.4.norm1": {
      "mean": 0.400390625,
      "abs_mean": 0.46142578125,
      "std": 0.454345703125,
      "min": -3.21875,
      "max": 2.1875,
      "shape": [
        1152
      ],
      "param_count": 2304
    },
    "encoder.blocks.5.norm0": {
      "mean": 0.33984375,
      "abs_mean": 0.366943359375,
      "std": 0.37451171875,
      "min": -1.7109375,
      "max": 3.8125,
      "shape": [
        1152
      ],
      "param_count": 2304
    },
    "encoder.blocks.5.norm1": {
      "mean": 0.393310546875,
      "abs_mean": 0.44677734375,
      "std": 0.435791015625,
      "min": -2.875,
      "max": 1.4765625,
      "shape": [
        1152
      ],
      "param_count": 2304
    },
    "encoder.blocks.6.norm0": {
      "mean": 0.3701171875,
      "abs_mean": 0.39990234375,
      "std": 0.40087890625,
      "min": -1.8515625,
      "max": 4.46875,
      "shape": [
        1152
      ],
      "param_count": 2304
    },
    "encoder.blocks.6.norm1": {
      "mean": 0.38134765625,
      "abs_mean": 0.435791015625,
      "std": 0.415283203125,
      "min": -3.125,
      "max": 2.421875,
      "shape": [
        1152
      ],
      "param_count": 2304
    },
    "encoder.blocks.7.norm0": {
      "mean": 0.34521484375,
      "abs_mean": 0.376220703125,
      "std": 0.38427734375,
      "min": -2.296875,
      "max": 3.90625,
      "shape": [
        1152
      ],
      "param_count": 2304
    },
    "encoder.blocks.7.norm1": {
      "mean": 0.39990234375,
      "abs_mean": 0.45849609375,
      "std": 0.43359375,
      "min": -3.78125,
      "max": 2.015625,
      "shape": [
        1152
      ],
      "param_count": 2304
    },
    "encoder.blocks.8.norm0": {
      "mean": 0.423583984375,
      "abs_mean": 0.4501953125,
      "std": 0.447265625,
      "min": -2.03125,
      "max": 2.78125,
      "shape": [
        1152
      ],
      "param_count": 2304
    },
    "encoder.blocks.8.norm1": {
      "mean": 0.39306640625,
      "abs_mean": 0.466552734375,
      "std": 0.454833984375,
      "min": -3.90625,
      "max": 2.796875,
      "shape": [
        1152
      ],
      "param_count": 2304
    },
    "encoder.blocks.9.norm0": {
      "mean": 0.411376953125,
      "abs_mean": 0.443603515625,
      "std": 0.44482421875,
      "min": -2.0,
      "max": 2.65625,
      "shape": [
        1152
      ],
      "param_count": 2304
    },
    "encoder.blocks.9.norm1": {
      "mean": 0.43115234375,
      "abs_mean": 0.52392578125,
      "std": 0.52197265625,
      "min": -5.3125,
      "max": 5.78125,
      "shape": [
        1152
      ],
      "param_count": 2304
    },
    "encoder.blocks.10.norm0": {
      "mean": 0.4150390625,
      "abs_mean": 0.44921875,
      "std": 0.453369140625,
      "min": -2.640625,
      "max": 2.859375,
      "shape": [
        1152
      ],
      "param_count": 2304
    },
    "encoder.blocks.10.norm1": {
      "mean": 0.435546875,
      "abs_mean": 0.51806640625,
      "std": 0.5234375,
      "min": -5.53125,
      "max": 5.84375,
      "shape": [
        1152
      ],
      "param_count": 2304
    },
    "encoder.blocks.11.norm0": {
      "mean": 0.409423828125,
      "abs_mean": 0.448486328125,
      "std": 0.447998046875,
      "min": -4.4375,
      "max": 2.203125,
      "shape": [
        1152
      ],
      "param_count": 2304
    },
    "encoder.blocks.11.norm1": {
      "mean": 0.42529296875,
      "abs_mean": 0.51220703125,
      "std": 0.51025390625,
      "min": -5.875,
      "max": 4.53125,
      "shape": [
        1152
      ],
      "param_count": 2304
    },
    "encoder.blocks.12.norm0": {
      "mean": 0.438720703125,
      "abs_mean": 0.47705078125,
      "std": 0.4794921875,
      "min": -5.34375,
      "max": 3.0,
      "shape": [
        1152
      ],
      "param_count": 2304
    },
    "encoder.blocks.12.norm1": {
      "mean": 0.499755859375,
      "abs_mean": 0.59912109375,
      "std": 0.62744140625,
      "min": -10.9375,
      "max": 5.34375,
      "shape": [
        1152
      ],
      "param_count": 2304
    },
    "encoder.blocks.13.norm0": {
      "mean": 0.45849609375,
      "abs_mean": 0.50830078125,
      "std": 0.5009765625,
      "min": -5.75,
      "max": 2.578125,
      "shape": [
        1152
      ],
      "param_count": 2304
    },
    "encoder.blocks.13.norm1": {
      "mean": 0.50830078125,
      "abs_mean": 0.61181640625,
      "std": 0.6181640625,
      "min": -6.625,
      "max": 10.625,
      "shape": [
        1152
      ],
      "param_count": 2304
    },
    "encoder.blocks.14.norm0": {
      "mean": 0.490478515625,
      "abs_mean": 0.54736328125,
      "std": 0.5439453125,
      "min": -8.5625,
      "max": 2.375,
      "shape": [
        1152
      ],
      "param_count": 2304
    },
    "encoder.blocks.14.norm1": {
      "mean": 0.57421875,
      "abs_mean": 0.6669921875,
      "std": 0.619140625,
      "min": -7.0625,
      "max": 8.8125,
      "shape": [
        1152
      ],
      "param_count": 2304
    },
    "encoder.blocks.15.norm0": {
      "mean": 0.50830078125,
      "abs_mean": 0.5625,
      "std": 0.55810546875,
      "min": -9.125,
      "max": 1.90625,
      "shape": [
        1152
      ],
      "param_count": 2304
    },
    "encoder.blocks.15.norm1": {
      "mean": 0.7216796875,